id,prediction
42715,1
15031,1
9762,0
19036,0
32649,1
40383,1
24686,0
33802,1
16079,1
24928,0
22798,0
8945,1
16273,1
26585,1
11095,1
26645,0
5194,0
23372,0
9037,1
23395,0
14691,0
28542,1
9741,1
12661,0
8011,0
34453,0
27418,0
7906,0
11509,1
47551,0
3782,1
44685,0
18822,0
43487,1
49320,0
11381,0
25474,0
38363,0
11557,0
12214,1
36638,1
23281,0
26697,0
9357,0
49501,1
42439,1
43908,1
29586,1
38820,0
30354,0
4397,1
7302,0
2862,0
32334,0
25208,1
7112,0
47402,1
32360,0
39426,0
15541,1
41308,1
21193,0
46898,1
17658,0
42327,1
25324,0
17790,1
32151,0
20005,1
12964,0
24786,0
30320,0
11210,1
22088,0
11980,1
25225,0
46986,1
14878,1
21271,0
17196,0
34532,1
45747,1
15278,0
10402,0
9457,0
29762,0
23498,1
30454,0
45269,1
7406,1
27699,1
33532,0
28762,1
17756,1
11244,1
13339,0
38677,0
43506,1
25381,0
22208,1
41846,0
24147,0
44251,1
9809,1
49470,0
18800,0
6256,0
9909,0
15940,0
37250,1
34071,1
34675,1
6118,0
40651,0
23058,1
22343,1
6958,0
21202,0
20885,1
49067,1
15344,1
38993,0
19909,0
40256,0
12918,1
43683,1
46362,0
22829,0
15849,0
27332,1
16088,0
20191,1
39451,1
37767,1
24385,1
13496,0
39023,1
35869,1
48595,0
33121,1
2628,0
15354,1
49218,1
10410,0
3490,1
22839,0
31155,1
17371,0
45477,1
28827,0
45167,0
5812,0
32507,0
307,0
30978,1
13133,1
46135,0
40585,1
11933,0
35948,1
153,1
40311,1
30328,1
16871,0
19012,0
45616,0
23469,1
11630,0
3394,0
4283,1
638,1
30028,0
28278,1
37492,0
41116,0
25720,0
16239,0
38453,1
37834,0
5977,1
28881,0
26902,1
25723,0
12018,0
15740,1
8413,1
42022,1
34216,1
19612,0
43667,0
4742,1
47496,1
30908,0
38972,1
21844,1
43903,0
45602,1
27558,0
25812,1
11652,0
14150,0
15486,0
5903,0
7749,0
3269,1
7498,1
39899,1
10648,1
9860,0
6713,1
31875,0
20722,0
16635,1
25681,0
40827,1
36864,1
8835,0
6631,0
10686,0
45813,0
48387,1
33485,0
2792,0
37100,0
16621,1
29404,1
999,0
15268,1
45978,1
43402,1
34752,1
36620,0
28222,1
23343,1
20670,1
6948,1
42672,1
24026,1
38186,1
1572,0
2662,1
18202,1
39190,0
12770,0
25648,0
38869,1
13046,0
4359,0
40851,1
29998,1
12204,0
9948,1
20860,0
31660,1
5524,0
37535,0
2428,1
20739,0
16308,0
3151,1
29261,1
45292,1
13752,0
2700,0
18546,0
44032,1
17138,0
3873,0
48165,0
25892,1
5039,0
22437,0
48066,1
42882,1
31713,1
22474,0
20517,1
16857,0
8928,0
22634,0
2123,1
28271,0
43859,1
33094,1
4028,0
12492,0
20230,1
14416,1
16605,1
14767,0
1866,0
39603,0
3061,1
5483,1
45378,1
42929,1
42653,0
3791,0
7335,1
23901,1
21971,0
38994,0
4539,1
27744,0
34514,1
4267,0
16105,1
23541,0
7433,0
1207,1
20259,0
45300,0
46250,0
46403,1
6335,1
19004,0
45024,0
27073,0
27738,0
10768,1
40099,0
33985,1
47612,0
14192,0
4333,0
22226,0
21707,1
27,0
15624,1
3712,0
12562,1
36138,1
34435,1
3041,1
33929,0
23955,1
41273,0
25025,1
15412,1
29101,1
24055,1
24470,0
40249,0
18918,1
7671,1
29811,0
42309,1
12118,1
17048,1
16611,0
42666,1
33739,1
38053,1
18218,0
7034,0
47196,0
40514,1
47182,0
39175,0
27510,0
4626,1
7867,0
44108,0
33663,1
28885,1
14710,1
23146,0
37298,1
4667,1
469,1
32075,0
23971,0
9998,0
42870,1
36181,0
29400,1
38485,1
13696,0
14861,0
34158,1
41521,1
41315,0
5892,1
33328,0
49892,0
20008,1
14218,1
30835,1
39840,0
11975,1
4764,0
9816,0
4274,0
23262,0
35902,1
22179,1
48210,1
10948,0
12189,0
31564,0
32713,1
7649,0
45910,1
1127,0
29860,0
6313,0
48816,0
31268,0
5507,1
40165,0
20395,0
40751,0
34830,1
8905,0
49385,1
2659,0
29688,1
12292,0
3780,0
6337,1
30094,0
24951,0
36664,1
15696,1
10860,0
39809,0
13428,0
49826,1
10871,1
35741,0
18337,1
31928,0
37798,1
33202,0
19235,1
4153,0
26738,0
14774,0
48661,1
27544,0
4291,1
32714,0
22346,0
11983,1
28394,1
11981,1
48472,0
4998,0
27508,0
32428,1
19887,1
15326,1
3817,0
21518,0
25321,0
7665,0
27786,0
10758,0
38790,1
18993,1
19708,1
14114,0
20986,1
42625,0
38644,0
45662,0
37928,0
40942,0
15863,1
47344,1
8213,0
21111,0
48912,1
18031,1
10593,0
14858,0
474,0
48830,1
651,1
46389,1
45402,0
34942,1
9170,0
10559,1
2719,0
13320,1
39610,1
49099,0
12014,0
30734,1
48619,0
40069,0
10299,1
23435,0
47965,0
22560,0
24694,1
43239,1
725,0
19214,0
36415,1
31029,0
45195,1
44886,0
14607,1
46624,0
4432,0
20246,1
40652,0
40024,1
26480,1
39126,0
24590,1
18192,0
31921,1
1214,1
31299,0
37723,0
34410,0
47272,1
30204,1
35992,0
49104,0
39687,1
37952,0
2389,0
14052,0
19285,0
34541,0
1729,1
14257,0
28261,0
733,1
3121,1
19132,1
9363,1
49882,1
40102,0
42989,1
36765,0
23953,0
3806,0
31540,1
42923,0
34418,0
45468,0
37126,1
14120,0
43300,1
32021,0
10156,0
800,1
40815,1
22260,1
7748,0
48726,1
5728,1
12459,0
47932,0
40156,0
38415,0
48490,1
14913,0
41370,1
8588,0
39967,0
31205,1
12491,1
37898,1
41582,1
23285,0
1767,1
30528,0
1211,1
42774,1
14584,0
40734,0
20374,0
42070,1
20625,0
15484,0
732,0
42484,1
6248,0
27782,0
47310,1
18432,0
48162,1
8512,0
31197,0
41525,0
10486,1
16543,1
41877,1
23,0
27070,1
21650,0
6173,0
20499,0
40959,0
26290,1
8848,1
18618,1
29619,1
25411,0
10853,0
11136,1
15725,0
24567,1
28333,0
3229,0
49157,1
44705,0
22916,1
3551,0
39192,1
34067,0
40181,0
3131,1
33941,0
38875,0
6515,1
19430,1
2013,1
46899,0
48347,1
5913,0
2623,0
21292,0
38717,0
7115,0
25140,0
34094,1
38985,0
28457,0
35440,0
30392,0
43779,1
10704,1
8390,1
14841,1
28575,0
44947,1
9376,0
36121,1
28545,1
47908,1
17807,0
5075,1
4019,1
14249,1
21134,0
13116,0
48464,1
27295,0
15473,0
15179,1
6247,0
42750,0
18261,0
22142,1
46230,0
37217,0
4154,1
29733,1
7536,0
38185,1
37456,1
41000,0
9581,1
30874,1
38314,0
21434,0
15843,0
40445,0
8363,1
24254,0
22551,1
7299,1
24120,0
17937,1
5835,0
43631,0
40400,0
41151,1
10476,0
4016,0
33967,1
41462,1
43174,1
30255,0
22188,0
33034,1
26855,0
3954,0
26992,0
26595,1
30515,1
49419,0
28119,0
28822,1
24739,1
24387,0
41215,1
35651,1
38354,0
40901,0
49268,1
43038,0
23689,1
32268,1
8542,1
17315,1
38743,0
25498,1
18666,1
12635,1
21646,1
26870,0
24875,0
15129,1
15780,0
41685,1
15507,1
2261,1
49361,0
21007,1
2949,1
23928,0
27588,0
46616,1
9917,0
24107,1
16430,0
31825,1
47056,0
13131,1
48334,1
3249,0
31778,1
46830,1
4190,0
14726,1
39221,1
7989,1
13483,1
32067,1
3148,1
30341,1
18828,0
47482,0
38945,1
39125,0
40440,0
38456,1
286,0
5969,1
37846,1
27069,0
42611,1
11746,0
47615,1
39978,0
6590,1
23228,1
11327,1
44972,0
7886,1
20132,1
8465,0
46428,1
13647,0
12553,0
36229,0
15875,0
48127,1
34877,1
48554,1
17942,0
7904,1
33145,1
28912,1
30815,1
39577,1
33193,1
15805,1
24852,0
1529,1
30512,1
466,1
2818,0
46742,1
16199,0
44034,0
2696,1
9309,1
7506,1
28270,1
16790,1
17857,1
5024,1
13885,0
45959,1
14430,1
17565,0
31525,1
15707,1
43596,1
2753,1
6612,0
201,1
19059,1
20772,0
18112,1
29596,1
49922,0
10013,1
43079,1
22832,0
28988,1
37444,0
2375,0
33495,1
37089,0
43213,0
30886,1
15250,1
34533,1
11897,0
19270,1
10018,1
15286,0
24624,1
11133,0
11908,1
29140,0
24925,1
40260,1
9918,1
38056,0
4817,0
6949,1
33405,1
43041,1
22225,0
23789,1
9305,1
48489,0
24287,0
43261,0
45445,0
43042,1
26780,0
36874,1
16653,1
3440,0
6525,0
36406,0
29961,0
47050,0
49837,0
3307,0
12119,0
44589,0
25904,0
25301,0
3177,1
42269,0
47706,1
45749,0
28105,1
7900,1
2780,1
7972,1
15946,1
46802,1
21081,0
8219,1
19233,1
21341,0
27121,0
23032,0
45971,0
22126,0
5454,1
3982,0
305,1
43891,1
19139,1
14417,0
37913,0
35995,0
33680,1
12639,0
6216,0
39339,0
49278,1
45769,1
29100,0
47188,0
48341,1
9833,1
1020,0
44877,1
22866,0
45400,1
47690,0
36806,0
36756,1
29531,0
28707,0
25522,0
12872,0
7178,0
29679,1
31790,1
36483,1
22518,1
9280,0
30530,0
10128,0
30037,1
25334,1
40286,0
15771,0
2218,0
37609,1
28171,0
44658,1
19110,0
3885,1
48631,0
47764,0
32186,0
40779,1
6426,0
38403,0
32182,0
21174,1
41755,1
7187,1
14084,1
25450,1
49795,0
44391,1
25436,0
42527,0
26353,1
30605,1
41426,1
34171,0
28410,0
2073,0
12392,1
45086,0
36493,1
13829,1
17867,1
25741,0
5369,1
11758,0
26811,1
39040,1
45695,1
41119,0
22150,0
43661,0
38205,0
15807,1
34847,0
38804,0
36375,0
21966,1
43216,0
37561,1
39292,0
41954,1
20309,1
37524,0
27696,0
46192,0
47453,0
15566,1
21826,0
49334,1
29155,1
40826,0
31848,0
33951,0
16916,0
25527,0
19754,1
31262,0
27573,1
30609,0
43714,1
2015,0
26100,0
28858,0
186,0
36165,0
23725,1
3855,1
15365,1
37904,0
25733,0
16519,0
17066,0
8378,1
34492,0
42679,1
1856,0
13734,0
34885,0
27054,1
15746,0
38271,1
27719,0
3603,0
22755,0
22110,0
3770,1
45681,0
29138,0
35896,0
39269,1
37280,1
12830,0
32455,0
29350,0
30664,1
1623,1
1584,0
28334,0
17449,1
30642,1
20991,1
35158,0
303,1
8439,1
29769,1
30632,0
24770,1
34609,0
22504,0
28870,1
37703,0
4308,0
45304,1
43278,0
21924,0
38210,0
34899,0
45677,0
11987,0
37696,1
42719,0
26269,1
40170,1
49142,0
42499,1
21296,0
23351,1
45122,1
3087,1
1709,1
26406,1
23373,0
35967,0
37564,1
9925,1
26455,1
14145,0
30219,1
41120,0
12046,1
40627,0
40899,0
10683,1
37547,1
16546,1
14309,1
27468,0
39483,0
28764,0
9045,0
18499,1
25437,1
40251,1
1768,1
38395,0
18452,0
13821,0
25392,1
37534,0
34655,0
32094,0
35961,1
35051,0
42622,1
40997,0
20392,0
21865,1
40776,0
26401,1
13062,0
31463,1
34596,0
34212,1
44178,1
378,1
38785,1
27224,1
35417,1
29599,1
5834,0
22655,1
24161,0
6328,0
4183,1
22219,0
22588,1
29519,1
23068,1
13604,1
46948,1
7796,1
2099,1
45534,1
7147,1
27287,1
34760,0
20553,1
14920,0
45443,0
8576,0
47427,1
27408,0
2938,0
27013,1
2575,0
9325,1
15632,0
2921,1
5527,1
12576,0
27620,1
12353,0
3006,1
48669,1
29812,1
758,0
16456,0
512,0
32052,0
45485,0
19223,1
36508,0
16896,1
12254,0
42508,1
48945,0
14003,0
3406,0
11607,1
35238,1
26200,0
47998,1
32028,0
19786,1
36832,1
18768,0
40897,1
24693,0
22109,0
40026,1
45370,1
11674,1
17976,0
38620,0
27837,0
45793,1
23087,0
2275,0
22384,0
4294,0
32251,0
36893,1
36541,0
43892,0
46103,1
3000,0
28681,1
19121,1
11142,0
16779,1
41599,1
15160,0
19259,1
39831,0
1203,1
25508,0
31061,1
29391,1
886,0
16686,1
10143,1
44012,0
28646,0
38810,1
45820,0
17510,1
8806,0
3376,0
23322,1
17574,1
8601,1
18726,0
14518,1
19651,1
46162,0
39211,0
5259,1
30812,0
21287,1
11424,1
9506,0
40271,0
31797,1
2066,0
44469,1
6860,1
27600,0
1675,0
5823,1
12679,1
27927,0
17080,0
47749,1
42983,1
21279,1
20417,1
23986,1
33702,1
25429,1
30745,1
14761,1
49973,0
43110,1
40470,1
42963,0
30208,0
20645,0
33357,0
35189,1
39098,0
45156,1
2263,1
38382,0
9952,1
8660,1
30603,0
29784,0
15535,0
38296,0
2440,0
35850,1
46834,0
7635,1
26071,1
47484,1
34409,1
21979,1
37252,0
44918,0
9787,1
12932,0
30301,0
7094,1
27065,0
6473,1
39458,0
15036,0
1770,1
36639,0
21101,0
28400,1
20488,0
25634,0
12982,1
40093,0
42315,0
31719,0
38076,1
19619,1
19160,0
6081,0
37164,1
51,1
21893,0
20434,0
223,0
46206,1
33031,0
20959,0
26860,1
7737,1
9978,1
39958,0
24664,1
35107,1
48008,0
47614,1
41634,0
4574,1
14542,1
28337,1
11375,1
16043,1
48028,0
7581,1
581,1
9910,0
21619,0
44628,1
44909,1
2341,1
44227,0
24873,0
27139,1
38917,0
45707,0
24486,0
42060,0
12117,0
1891,0
11435,0
38204,0
48791,0
1318,0
10844,0
9517,0
26941,1
37587,1
28735,0
23822,0
47458,0
11245,0
26330,1
28777,0
30839,1
39036,1
33311,1
15375,1
7786,0
24245,0
48741,0
17953,0
45508,1
13330,1
36348,0
32721,1
34365,0
24635,0
6576,0
19009,0
39135,0
13770,1
26379,0
33785,0
43258,1
23168,1
44736,1
47748,1
32578,0
19680,0
42006,1
38575,0
31548,0
30272,1
31492,1
6994,1
36487,1
26828,1
37341,1
48780,1
14918,1
24248,1
38690,1
12375,1
47683,1
36961,1
40537,0
31720,0
6864,1
27414,1
43023,1
37005,1
23501,0
2026,1
6695,1
45568,1
23551,1
31589,1
19353,1
17217,1
44868,0
7723,1
19192,1
35698,0
18199,0
1730,0
31537,1
37175,0
46566,1
37266,0
9899,0
17663,1
10294,0
4363,0
18861,0
16801,0
30315,1
42946,1
14869,1
15218,0
12718,0
39380,1
9748,0
49976,1
42189,1
33747,0
12630,0
20975,1
28223,1
33296,1
19615,1
35200,1
29329,0
48423,1
49753,1
27882,0
36068,0
38184,1
9082,0
11521,1
13960,1
27310,1
7523,0
31236,1
15008,1
43349,1
34424,1
2592,0
20640,1
14566,1
43048,1
14436,1
31553,0
43773,0
27079,1
36667,0
31886,0
1422,0
11223,0
28361,1
27280,1
38149,1
41848,0
17276,1
12997,1
33215,0
25131,0
9044,1
47153,1
6126,0
41653,1
9551,0
21042,1
47462,1
1925,1
46258,0
18663,0
30336,0
22411,1
41133,1
8607,0
34497,1
5173,1
6710,1
24041,0
18813,0
23492,1
9914,0
35404,1
34272,1
42273,1
38615,1
48559,1
1064,0
28526,0
44311,0
49319,1
9768,1
16915,1
12925,1
20133,0
44656,0
46055,0
12524,1
18542,1
46570,1
5708,1
29938,1
5457,0
27448,0
28588,0
10285,0
13031,0
9758,1
12791,1
36593,0
43024,1
8387,0
14328,1
9275,1
2356,1
13866,0
49431,0
13515,1
48462,1
44632,1
49337,0
49645,1
11507,1
22706,0
16086,0
22521,1
46231,1
27312,1
47914,0
24594,1
35113,1
6810,0
32180,1
47394,0
38200,0
20187,0
49491,0
4448,1
31278,0
16498,1
5926,0
15426,1
1570,1
37571,0
13972,1
43162,0
10639,0
44654,1
20876,1
23134,1
1995,0
16388,0
7559,1
27161,1
10689,1
42286,1
29246,1
16556,1
17216,0
12221,1
35236,0
11655,0
44822,1
22773,1
48654,0
40275,1
6799,1
25476,0
22129,0
38581,0
42338,1
9183,0
13468,0
44974,0
1757,0
31900,1
26547,0
4404,1
13793,0
22813,1
47377,1
18453,1
26566,0
27961,0
41619,0
31861,0
14426,1
24294,0
36255,0
49222,0
19497,0
39825,1
16941,0
19917,1
9446,1
39067,1
316,1
32903,0
11678,0
47370,1
39131,0
6619,1
19508,1
12280,0
556,1
8599,0
46553,0
3386,0
3837,1
43785,0
5564,0
22241,0
22565,0
19211,1
8751,1
5562,0
36518,1
47145,0
5693,0
2943,1
20203,1
19631,1
10913,1
5923,1
49441,1
16251,1
39865,1
24461,0
32057,0
26259,1
39883,1
44773,1
6449,1
9362,0
19364,1
36963,1
28452,0
20357,1
18223,1
5653,1
30624,0
34621,0
13033,0
37491,0
13234,1
48592,1
18738,1
5000,0
46026,0
255,0
45843,1
25954,1
10513,0
40845,1
38264,1
6774,0
47621,1
27421,1
31767,1
4094,0
3285,1
41895,0
7,0
14164,0
37841,0
39128,0
30679,0
27606,0
31006,0
18388,1
29130,0
42392,0
36073,0
16891,0
7421,1
10273,1
48583,1
45621,0
45016,1
42572,1
26333,0
34346,1
23696,1
684,0
9103,0
4880,0
10512,0
49966,1
7879,1
9404,1
46713,1
17116,1
7237,0
15881,1
47472,0
30410,1
10963,0
23823,1
27511,0
27603,1
35867,0
38412,0
35266,0
21471,0
44055,0
40263,1
18220,0
28185,1
32448,0
8913,0
17993,1
34327,1
35542,0
34289,1
38305,1
32088,1
11756,0
38843,0
14393,1
26382,1
38193,0
38878,1
4707,0
9524,0
40724,1
5929,0
1139,1
16703,1
31134,1
18160,1
12813,0
16271,0
13038,0
40367,1
34260,1
18415,1
1082,0
34610,0
23408,0
20094,1
37363,0
3138,1
23883,0
32189,0
31357,0
1864,0
12650,1
42020,1
44002,1
14779,1
22510,1
33979,0
43818,1
14048,1
38474,1
7423,0
26820,0
16295,1
34616,0
33898,1
35036,1
12935,1
12503,0
47698,0
9859,0
30778,1
40748,0
43307,0
15741,1
21148,1
16640,1
27356,0
7453,1
2040,0
22712,0
6850,1
3524,0
49091,0
48542,0
16443,1
4026,1
14574,1
7097,0
17578,1
1408,1
2312,0
17197,0
516,0
18947,0
12847,0
17444,0
45381,0
2388,1
32600,0
30644,1
25735,1
13365,0
30456,0
32404,1
49594,1
24948,1
21686,1
15917,1
22011,1
30659,1
10541,1
20573,1
47638,1
44412,1
38463,0
6621,0
21555,1
8672,0
33867,0
40045,1
38447,0
22579,1
45599,0
17085,0
49293,1
31947,1
44533,0
32793,0
4873,1
33440,0
22658,1
38548,0
40965,1
13211,1
19818,1
4882,0
4086,1
7129,1
21689,1
41585,1
32213,0
23834,0
38457,0
8345,0
6696,0
18391,0
44020,1
32248,1
14879,0
20408,0
26108,0
22928,0
42848,0
4102,0
27260,0
8006,0
26254,0
6723,1
11383,0
48794,0
43309,1
11790,0
44273,0
5520,1
23654,1
14259,1
26930,1
21235,1
11194,0
45101,1
30030,0
23491,0
15336,1
39213,1
24148,1
46466,1
33333,0
45890,0
41274,1
49805,0
38761,1
49869,0
16984,1
543,0
7936,1
23460,0
38947,1
29680,0
9677,1
27502,1
49387,1
44770,1
6229,0
7551,1
31944,0
27660,0
11386,0
2387,1
28536,1
10657,0
17777,1
39693,0
2232,1
37613,0
25635,1
28458,0
22552,1
28697,0
38913,0
36711,0
15918,0
16974,0
48049,1
30438,0
41159,1
23655,1
53,1
10056,1
22060,1
41920,1
10972,0
40145,1
40744,1
1799,0
30482,0
1031,0
17819,0
6343,1
39174,1
27363,0
10094,1
6750,0
15348,1
2561,1
9332,0
11455,1
27725,0
45760,0
9356,0
46542,0
18614,1
18359,0
39901,0
47109,0
11373,0
29724,1
48628,0
30736,1
49663,1
1349,0
274,0
43871,0
48635,0
29753,1
41404,0
18742,0
24593,0
47639,1
35276,1
39110,0
9149,0
15749,1
45264,1
13372,1
3319,0
45313,0
46158,1
31554,1
38798,1
12536,1
20638,1
18879,1
48746,0
35286,1
42468,0
22769,0
45821,0
5414,1
25288,1
8310,1
31054,1
3863,0
28865,0
42399,1
4512,0
10826,0
35621,0
8241,0
36719,1
43556,0
1386,1
16385,0
42747,1
35803,0
32336,0
23114,0
48810,1
7030,0
16083,0
45832,0
22733,0
28292,1
19672,0
10585,1
24976,0
48068,0
30466,0
45005,0
17032,0
21427,0
48608,1
44986,0
49006,1
21237,1
31318,1
9643,0
6772,1
10725,0
40993,1
4736,1
34985,0
22465,0
7333,0
29719,0
44599,0
8039,1
27568,1
26832,1
17248,1
13857,1
49291,1
1342,0
48180,0
4442,0
30916,1
8917,0
45785,1
15996,1
5411,0
21954,0
17236,1
21274,0
43170,0
16323,1
11962,0
9144,1
15979,0
34689,0
41532,1
45188,0
7451,0
48910,1
36780,0
2874,0
32699,1
25365,0
6598,0
15571,0
21176,0
41802,0
20492,1
34734,0
27495,0
44361,1
5437,0
43914,0
48199,0
11102,1
26173,0
37232,1
48116,1
31121,1
24143,1
12860,1
12657,1
37344,1
31804,1
25668,1
7353,1
10432,1
7457,0
18985,1
32498,0
25182,0
27713,0
40196,0
31515,1
30169,0
20929,1
6259,0
9030,0
44414,1
36914,1
28136,0
29176,1
4383,0
24840,0
49854,1
22724,1
49847,1
6172,0
12409,0
21915,0
25835,1
31807,1
5211,1
6199,1
42370,0
26342,1
12177,1
10433,0
14227,0
4429,1
47107,0
31840,0
12105,0
28658,0
18579,1
37717,1
14464,0
5169,0
45168,1
44959,1
34107,0
31091,0
16412,1
49969,0
361,0
42242,0
3956,0
17562,1
20843,1
30575,0
28284,0
11312,0
28081,1
24553,1
21159,1
6579,0
23548,1
43812,1
2119,1
19298,1
20817,0
37430,1
49585,1
7456,1
10809,1
21699,0
16186,0
23577,0
46652,1
19883,1
16749,0
29829,1
10693,0
7394,1
96,0
18396,0
18339,0
6066,0
49363,1
32634,0
11605,0
18513,1
37318,1
32443,1
6667,1
21414,1
5040,0
16138,1
49949,0
24288,0
36662,1
38652,1
22986,0
20139,0
20289,1
26274,0
22631,0
31702,1
14893,1
1820,1
37862,0
13260,0
14310,0
24979,0
13786,1
46677,0
7555,1
16741,1
32845,0
39664,0
40301,0
17378,1
37548,1
28566,0
41017,0
40043,1
3599,1
1986,0
291,1
35910,1
3588,1
46202,0
17926,0
13799,1
33132,0
35845,1
21820,0
38661,1
31768,1
9271,1
17998,1
23210,1
27731,1
45291,1
10819,0
3643,0
34586,0
28208,0
25402,1
45591,1
13817,0
3442,1
15309,1
20589,1
49885,0
44928,1
19066,0
39389,1
25640,1
15424,1
39179,0
27931,1
40484,0
765,0
24382,0
17247,0
28214,1
6542,0
33810,1
14877,1
10006,1
32602,0
16902,1
31988,1
28190,0
33617,1
7464,0
20124,1
18165,0
24607,0
24611,0
45809,1
33300,0
19169,1
14601,0
29607,1
1049,0
11463,0
2510,0
27374,1
30008,1
10851,1
41458,1
16654,1
44001,0
44349,1
31151,0
28917,0
5163,0
12057,1
44876,1
18088,0
41079,0
13831,0
41669,0
45790,1
41003,1
10669,0
23816,1
38257,0
36842,0
13193,1
41287,0
4812,0
38273,0
37821,1
43775,1
6279,1
2316,1
21683,1
40937,0
24713,1
4934,0
17628,0
15316,0
11273,0
30873,0
11795,0
1149,0
19481,1
28480,0
5219,1
31765,1
6255,0
29807,1
13188,0
36027,1
43971,0
7254,1
3050,0
48374,0
9199,1
26919,1
29254,0
42212,1
15975,0
2552,1
10245,1
8056,1
44122,0
12878,0
16936,0
13986,1
981,0
6898,1
26492,1
9226,0
46456,0
8286,0
3182,0
29786,1
45194,0
43664,0
34713,1
47286,1
8352,1
23639,1
48775,0
41457,0
46226,0
24177,1
25487,0
26647,1
22236,1
39936,1
47036,1
16860,0
22984,1
20613,0
41665,0
28331,0
33174,1
16063,0
5734,0
20076,1
23982,0
36507,1
46599,1
4234,0
40033,1
36771,0
19321,1
1475,1
17784,0
41735,1
22690,1
16139,1
45603,0
2717,1
16792,0
47959,0
37880,1
8230,1
34342,1
20269,0
35123,1
41716,1
13659,0
17456,0
39758,1
25281,0
37020,0
33195,1
26908,0
16398,0
24037,1
24284,0
30333,1
26918,1
16433,0
45770,0
44952,0
13522,0
49671,1
4950,0
14080,1
42205,0
32346,0
15800,1
5606,0
40193,0
32676,1
46849,0
43866,0
23403,1
1146,0
46643,1
14615,0
2714,1
10815,0
24853,1
9298,1
43984,0
31498,0
25557,0
34483,1
19517,1
34761,0
41112,0
30667,1
11220,0
19072,0
11274,1
22201,0
10757,0
16598,0
26994,1
21092,1
31822,1
15723,0
12335,1
3388,1
30936,1
37891,0
26246,0
33721,1
46645,1
18725,1
24228,0
28849,1
30555,1
37366,1
35667,0
33866,1
47437,0
43622,1
48179,0
8201,1
4686,0
43536,1
2571,1
47146,0
12743,1
9570,1
33234,1
40188,1
10466,0
36855,1
2178,1
44110,1
26264,1
28082,0
43329,0
29066,0
34160,1
13832,0
3070,0
43728,1
6595,0
3974,1
48393,0
11737,0
228,1
20119,0
44925,1
27774,1
33222,0
10855,0
36245,1
11184,1
19922,0
34901,0
9696,1
18231,0
42681,1
27933,0
21680,1
705,0
36619,0
28058,0
4107,0
29735,0
14628,0
40324,1
16136,1
24338,1
15669,0
22637,1
646,0
25998,0
18189,1
38419,0
29449,1
31257,0
44443,0
16425,1
46356,1
18943,1
38272,0
23270,0
38306,1
30712,1
41033,1
22162,1
10160,1
21524,0
30284,1
8132,1
14169,0
13364,0
42007,0
11313,0
34844,0
32749,0
31306,1
37257,0
21336,0
33986,0
45233,1
28256,0
19741,1
37101,0
5048,1
18792,0
9766,1
535,0
22650,1
43918,0
14179,0
25630,1
25345,1
8634,1
8065,0
12266,0
3689,0
17931,0
8868,0
7496,1
357,1
16015,0
22990,1
16223,0
8496,0
46923,0
49042,0
31461,1
39306,1
20938,0
7850,0
48434,1
26133,0
10697,1
29857,0
17318,1
26692,1
25671,0
47673,0
42432,0
37786,1
14873,0
13329,0
37447,1
18980,1
14285,1
15173,1
38671,1
23182,0
7355,0
28572,0
9880,1
3649,1
49607,0
18324,1
29134,0
13220,1
5945,1
5861,0
3680,1
29805,1
4392,1
15240,1
28529,0
30897,1
337,1
9971,0
24518,1
41497,1
41305,1
37886,0
2159,1
48343,1
3181,0
29372,1
408,0
5014,1
48586,0
23642,1
4080,1
14343,0
19999,0
7465,1
35337,0
607,1
21710,0
33793,1
14690,1
31612,0
16163,1
31041,0
16064,0
9286,1
20780,1
34208,1
22787,1
38160,1
3833,0
31459,1
25840,1
2903,1
46050,1
17200,0
5182,0
35680,1
2295,0
39259,1
46979,1
8086,1
3482,0
26824,1
44519,1
25909,1
31244,0
18566,0
45459,1
36086,0
43380,1
37321,0
32535,0
31761,0
19404,1
18897,1
9820,1
8158,1
31916,0
25539,0
22025,0
36311,1
754,0
36549,1
49007,0
32234,1
4157,1
36882,1
42671,0
37641,1
11363,0
16380,1
25766,1
7758,0
44302,1
14410,1
9695,0
7180,1
13836,1
8649,0
17257,0
14177,0
33048,1
30833,1
17974,1
4330,1
20607,1
19030,1
828,0
7932,1
5464,1
28125,0
43340,0
42790,1
7341,1
22302,1
14207,0
6777,0
46729,0
26615,0
16268,1
38622,0
6718,0
40105,0
106,1
40975,1
22100,1
23330,1
20642,1
3202,1
46876,1
17795,0
41835,0
41604,0
42252,0
16156,0
9105,0
45326,1
10411,0
34062,0
19828,1
30087,1
17754,0
381,1
38613,0
36786,0
34881,0
35357,0
35844,1
6716,0
30090,0
13346,0
16254,0
2649,0
20495,1
18660,0
1449,1
22550,1
43781,1
8021,0
40007,0
39053,0
48777,1
3797,1
36364,1
21532,1
26098,1
9123,1
17017,1
16728,1
44218,0
27712,1
2599,0
36080,0
7123,1
20224,1
41493,0
36335,0
2524,0
5009,0
37113,0
16774,1
47461,1
49468,0
37379,0
28970,1
16626,1
27055,1
19317,1
23845,0
23426,0
26042,1
33745,1
9636,0
40098,1
9904,1
23405,0
10540,0
4601,0
9308,0
3330,1
16722,1
29944,0
5460,1
80,1
1152,1
17894,0
23820,1
25750,1
28562,1
42352,1
21879,0
18289,1
22370,1
29332,1
22943,0
14479,0
33386,1
48246,1
5688,0
30741,1
5597,1
9382,0
38460,1
10743,1
37849,0
8329,1
8700,0
31462,0
22222,1
48828,1
45947,0
43925,1
37320,1
27027,0
48880,0
48021,1
9101,0
15927,1
41870,0
47594,1
1308,0
20504,1
5017,1
36581,1
49563,1
45783,1
37358,0
6401,1
8305,1
11450,0
47086,1
12784,0
32946,0
23116,0
46006,1
23758,1
4045,0
48785,0
45502,1
25665,0
16624,1
524,0
3748,0
35198,1
1106,1
8709,1
9402,0
49393,0
45759,1
48548,0
23660,1
17492,1
44143,1
18808,0
20463,1
18511,1
30216,0
42980,1
28647,1
24218,0
27119,1
10547,1
44614,1
14831,0
30738,1
28639,1
49465,0
49802,0
21995,1
2382,0
31817,0
22746,0
26894,1
26548,1
38787,0
27359,1
34257,1
33162,0
9172,1
47425,1
44971,0
34750,0
37294,0
36734,1
8005,1
18219,0
16997,0
23192,0
45948,1
5514,0
42066,0
25269,0
13903,1
47599,0
13959,0
9358,1
37044,1
39564,0
7108,0
30327,1
19986,0
7484,1
33587,0
17453,0
44212,0
40389,1
48439,1
20806,1
21616,1
29364,1
23345,0
2598,1
46091,0
28869,1
43713,1
31115,1
42105,1
39315,0
46065,0
44881,0
19485,1
43923,0
46331,0
42721,1
6814,1
20169,1
30648,0
39625,1
41511,1
2216,0
48666,1
12178,1
39489,0
39894,1
16508,0
39713,1
3721,0
41928,1
6496,1
46088,1
3213,0
27081,0
4354,0
45883,0
32350,1
36758,1
21645,1
13681,0
23065,1
11439,1
44084,1
25228,1
16565,0
35501,1
36576,0
42586,0
3298,0
18678,0
28095,1
1433,0
35816,0
4984,1
47410,0
46098,0
16631,1
34314,1
46957,0
13243,1
24297,1
12744,0
18067,0
41945,0
2100,1
17290,1
25838,1
19035,1
4975,1
30017,0
28358,0
30613,0
20134,0
40525,1
27227,0
26887,0
49701,0
45979,0
16826,1
22078,1
36052,1
38362,1
27225,0
21294,0
21500,0
1178,1
27128,0
4051,1
9093,0
31622,1
32065,1
34904,0
34906,1
21133,0
20846,1
49257,0
31946,1
13477,0
23103,1
41776,1
24690,1
12015,1
16646,1
2738,0
44488,1
32843,1
14105,0
46955,0
4036,0
34673,1
9960,1
1042,1
23620,0
40831,0
34741,0
47588,1
39897,1
32710,0
24433,0
48449,1
11625,1
48060,0
49473,0
5125,1
4315,1
48622,0
38651,0
8838,0
13101,1
6652,0
44745,0
15394,1
17336,1
17496,1
40215,0
24352,1
20276,0
7629,1
45393,1
48981,0
26236,0
24961,1
2016,1
254,0
18213,1
32895,1
38649,0
38230,1
30682,1
34742,1
19336,0
48925,0
32480,1
11170,1
20335,0
9674,0
27347,1
25044,1
25202,1
23033,0
34943,0
21136,0
29180,0
42665,1
18095,0
46114,1
47669,0
47069,1
23226,0
9124,0
31020,1
45556,1
359,0
45905,1
32042,1
7045,1
12961,0
3852,0
19692,0
17338,1
48967,0
13441,0
35982,0
10506,0
3787,0
49694,1
24044,1
22206,0
9198,0
34105,0
39029,0
26315,1
37511,0
16361,1
40424,1
13535,1
19935,0
5333,1
23063,1
29487,0
19115,0
43139,1
47927,0
18832,0
47119,1
8587,1
30601,1
22723,1
24714,0
17120,0
34047,0
45891,0
18858,1
41448,0
5281,0
28843,0
35810,1
16413,0
37154,1
48936,1
46774,1
4800,0
34540,1
35452,0
21983,0
27024,1
19326,0
22692,1
20262,1
31693,1
20399,0
26106,1
41127,1
49574,0
26066,0
43690,0
41864,1
48331,1
48510,0
33653,1
47283,1
31373,0
18195,1
1351,1
27361,1
35126,1
31815,0
20738,0
3623,1
49893,0
45253,0
39396,0
12691,0
39441,0
1622,0
20403,0
42164,0
35256,0
48413,0
36216,0
33547,0
2654,0
16132,0
16878,0
25844,0
43296,0
38827,1
4878,1
4881,0
24405,0
15667,0
25866,0
34818,0
18124,1
22591,0
14500,1
35064,1
43583,0
21104,1
38479,0
45009,0
11511,1
25897,1
602,1
33638,1
9092,0
25570,0
48809,1
41562,1
2065,1
29308,1
12926,0
24785,1
35246,0
29800,1
9945,0
33457,1
21440,1
25428,0
30022,1
26625,1
25038,1
31439,0
21191,1
9136,1
17535,1
14612,0
11124,0
39548,1
28301,1
21282,0
27396,0
20962,0
3455,0
13843,0
25714,0
10250,1
45183,0
23073,0
18887,0
12085,1
22429,1
44568,1
30774,0
44158,1
3550,0
6378,1
35852,1
11428,1
11018,0
38855,0
12313,0
11690,1
22992,1
32476,0
45346,1
29036,1
47575,0
42375,0
45450,0
18036,0
39354,0
14153,1
41691,0
45090,1
24753,0
6726,1
32577,1
44154,0
48045,0
5431,1
40763,0
46221,1
22669,1
23307,0
49269,1
6011,1
40106,1
14236,0
10322,1
19633,0
15692,0
15796,0
19784,0
46094,0
43707,0
1604,1
10073,0
45283,0
14363,0
32023,0
33059,1
48263,1
25994,1
30841,0
13717,0
35415,0
41193,0
46275,0
29320,0
17195,0
9832,0
30450,0
9653,1
28586,0
29113,0
28914,1
9202,0
27584,1
23067,0
21698,0
45471,1
17064,0
21030,1
23237,0
6742,1
761,0
16928,1
37385,0
39791,0
26415,0
18288,0
30253,1
1567,0
19850,0
1196,1
40858,1
37683,0
24892,0
7170,0
34016,1
24681,1
41774,1
37163,1
2553,1
34819,0
5196,0
557,0
1731,0
35125,1
41253,0
37677,1
441,1
46679,1
32006,0
45764,0
44441,0
15842,1
15931,1
45627,1
17385,0
41635,0
8301,1
9560,0
35625,0
32971,1
498,0
26847,1
39115,0
6908,0
22012,0
5296,1
1782,0
5512,1
15929,1
2534,0
23310,1
855,1
4214,0
6775,0
12741,1
33556,0
170,0
45414,0
21581,0
31008,1
33024,1
41699,0
47054,0
14173,0
4890,1
28233,1
32867,1
26643,1
21944,1
30986,0
7980,0
21575,1
28036,0
25354,0
31828,1
38135,1
16344,1
12986,0
9492,1
28268,1
3026,0
25543,0
38233,1
21980,1
40963,0
18460,0
39737,1
22959,1
35691,0
5501,1
48832,0
19432,1
38506,1
7072,1
30846,0
5345,0
33361,0
14595,0
17061,1
33201,1
43825,0
39612,0
8340,0
26306,1
9993,1
22918,0
21139,0
11314,0
6766,0
27230,1
41400,1
16120,0
2035,0
49343,0
18677,0
46462,0
49304,0
42779,1
42133,0
12662,0
28068,1
33938,0
48714,1
24229,1
39885,1
33230,0
3343,1
47625,1
45678,1
29698,1
21900,1
808,1
49113,0
40877,0
1557,0
28018,0
15001,1
31052,1
5589,0
14783,1
49471,1
23138,1
14087,0
14990,0
666,1
15687,1
39579,0
4449,0
38665,0
26972,0
37772,0
19359,0
15708,1
16759,1
14840,0
4463,0
10290,1
35020,0
36797,1
24532,0
27321,1
39495,0
36442,1
41885,1
12225,0
16375,1
29211,1
27932,0
46263,0
30484,0
20868,1
43298,1
42297,1
13878,0
24895,1
8050,1
43981,1
42310,0
15233,1
38526,0
31830,0
11146,0
15865,0
12382,0
47512,1
7641,0
13325,1
12317,0
30199,1
1556,0
12852,0
35339,0
41509,0
9709,0
16530,1
7830,0
47719,1
3922,1
41405,0
559,0
31792,0
3722,0
44479,1
11404,0
40880,1
46991,0
22464,0
14116,0
17001,1
42381,0
38364,1
10857,0
39814,0
46639,1
48863,1
9209,1
40612,1
43356,1
30054,0
20173,1
5737,1
6853,0
39895,0
24960,1
27959,0
31689,0
10756,0
22117,0
17118,0
12475,0
25160,0
2150,0
23302,0
16813,0
27877,0
46826,0
40352,0
5521,0
33511,0
5698,0
23555,0
42811,0
38563,0
32426,1
7772,1
42678,1
36663,0
37902,0
19015,1
31218,1
41072,0
47763,0
33487,0
1394,1
46010,1
34231,1
33766,1
30476,1
26612,1
40789,1
31128,0
42575,1
28203,1
29459,0
4469,0
17137,0
13319,1
33833,1
43730,1
26624,1
48245,1
29135,0
7882,0
37702,1
2489,1
46921,0
44235,0
4139,1
36017,0
22306,1
21955,0
17375,1
26971,0
764,0
4827,1
39143,1
49638,1
46066,0
26063,0
17987,0
37463,1
834,0
39974,0
47,1
11706,0
31343,0
35219,0
6839,1
35013,0
39543,0
44849,1
15727,1
36953,0
26567,1
1859,0
25715,1
23535,0
34625,0
45131,1
6156,1
49071,1
23100,0
17241,0
12041,1
36650,1
1726,0
43566,1
19073,1
42199,1
8292,0
1852,1
21457,1
5652,1
42222,0
1802,0
8326,0
21357,0
48082,1
13215,0
48767,1
37483,0
5702,0
30163,1
33308,1
40557,1
40046,0
25945,0
23680,1
35058,1
42167,1
16656,0
8449,1
9556,1
20810,1
3587,0
33344,1
10746,0
1786,1
42411,0
20020,0
30771,0
49899,0
12087,1
28623,1
17955,1
31447,0
9847,1
14026,1
17052,0
45478,0
37058,0
14295,0
14387,1
34618,0
43620,1
29664,1
13768,0
10556,0
38081,1
23205,1
39245,0
21020,0
46710,1
48732,0
48543,1
35291,0
44255,1
49986,1
13023,1
1721,1
31989,1
48923,1
12914,0
18803,0
14524,0
22173,1
620,1
29205,0
36042,1
13754,1
1382,1
43208,0
12968,0
1943,1
29766,1
17393,1
46807,1
30509,0
46455,0
17728,0
12213,0
16002,0
8592,0
11517,1
5987,0
12951,1
42564,1
12800,0
48311,1
26331,1
15396,0
31416,0
17208,0
4437,0
14242,1
23234,1
28772,1
47040,0
49783,0
38112,0
37222,1
11642,1
3744,1
1206,0
21197,0
27937,0
1540,1
48001,0
25197,0
38444,1
831,1
46348,0
38996,1
10535,0
12039,1
31275,0
2788,1
24189,0
14916,1
30287,0
48768,0
27358,1
22933,0
21666,1
47183,0
22559,1
30912,0
10223,0
32759,0
2531,0
28158,0
3347,1
29421,1
11366,0
16727,1
31563,0
27484,1
2372,1
45199,0
43733,0
46369,0
24392,1
24758,1
13697,1
15832,0
19875,0
9730,0
29729,0
47098,0
33353,1
7725,0
6373,1
5372,1
19996,1
14229,0
19186,1
6133,0
23411,1
26416,0
30760,0
21123,0
13045,1
21561,0
29105,0
1738,0
24818,1
47926,0
33999,0
38255,1
39600,0
43412,1
44784,1
16555,0
16284,0
20704,0
6175,1
37198,0
23547,1
20195,1
28813,0
14556,0
43330,0
48033,0
34241,1
46509,1
49130,0
28029,0
41662,1
7483,1
42984,1
34167,0
42080,1
7154,1
17184,1
18256,0
10989,1
38473,1
40242,0
14200,1
23605,1
32747,1
397,0
1201,1
10151,1
37705,1
49793,0
26999,1
6022,0
39984,1
30323,1
24913,0
27792,0
11731,1
49170,0
28934,0
13039,0
17994,0
7942,1
25895,0
11029,1
48713,1
23968,1
49255,0
7724,0
18250,0
24474,0
19707,1
4017,0
13382,1
16535,1
8317,0
13670,1
11330,0
8393,1
16013,1
22242,0
16235,1
13071,0
20266,0
23257,1
1341,0
2147,1
24684,0
21334,0
26699,1
36666,0
49889,0
16124,1
24602,1
25099,1
13642,0
41565,0
42607,1
11320,1
49478,0
779,1
25110,1
49963,0
14140,0
41295,1
7688,0
37336,1
14821,0
21150,1
24890,0
25451,1
5164,0
32834,1
34729,0
48611,0
49318,0
49564,0
18327,0
49870,1
4706,1
12603,0
47710,0
47934,0
16090,0
38849,0
6139,1
24716,0
43152,0
25122,1
23853,0
19989,1
2608,0
34914,1
6896,1
13721,0
13773,0
22904,1
21343,0
22609,1
16206,0
28086,1
21211,0
27144,1
48668,1
10861,1
292,1
35643,1
29436,1
49447,1
35244,1
40219,1
6391,1
16110,1
18323,1
9367,0
40191,0
49878,0
26156,0
42343,0
380,0
47423,0
46716,0
17765,1
17424,1
3807,0
44242,1
43209,0
32637,1
48505,0
10321,1
31276,1
9121,1
30671,1
43373,1
46276,0
21741,0
18798,0
22815,1
31099,1
40584,0
26926,0
17388,1
17947,1
38409,0
29410,1
23391,0
3668,1
43215,0
41547,0
39743,0
48903,0
42195,0
49189,1
41469,0
4810,1
38430,0
28046,0
46805,0
40184,1
17803,0
30526,1
7317,1
32593,0
48864,1
40206,0
14707,1
11431,0
21345,1
10159,0
42548,0
584,0
46631,0
34403,1
963,1
27014,1
26483,1
7293,1
24087,1
25660,1
4554,1
16664,0
42248,1
2907,0
26288,1
48207,1
7539,0
21639,0
10870,0
6565,1
23673,1
27554,0
26061,0
10841,0
17782,1
42158,0
45202,1
46286,1
21748,1
42856,0
3280,0
6345,1
30701,1
27454,1
8092,1
34855,0
8949,0
28396,0
28002,1
28930,1
15152,0
42630,1
29934,1
35779,0
17608,1
22836,1
28016,1
25604,0
34529,0
49846,0
48961,1
31975,0
22097,1
35807,0
25255,0
14734,0
37831,1
31294,0
15054,1
10580,0
31544,0
5077,1
14241,0
27381,0
49324,1
48612,1
1269,1
23507,0
31068,1
47202,0
9062,0
16274,1
6027,1
8227,0
44923,0
3107,0
25128,1
29270,1
23163,0
5360,0
16287,0
6186,1
7046,1
7051,0
449,0
44889,0
42894,1
32739,0
26218,1
12767,0
2799,1
27601,0
18905,1
59,1
17719,0
33028,0
49173,0
34700,0
39506,1
33111,0
26489,1
8552,1
29358,1
30951,0
49629,0
21428,1
2776,0
24781,1
38662,1
19218,0
32788,1
820,1
48412,1
20174,1
44114,0
13326,0
3788,0
44897,1
11048,0
33213,1
31122,1
44712,1
11569,1
25048,0
33269,0
20763,1
15710,0
35074,0
49383,0
6353,1
14849,0
47359,0
42469,1
17980,0
38286,0
49592,1
11613,0
23580,1
7956,1
46763,0
29313,0
3125,0
982,0
21346,0
17412,1
47570,1
6738,0
47238,0
31952,1
29152,0
36025,0
31135,0
8174,1
1241,1
27034,0
16056,1
576,0
25362,1
20598,1
23726,1
27016,0
37267,0
42512,1
22338,1
40254,0
17145,0
7719,0
19924,1
11430,0
31285,0
12751,0
2747,0
11516,0
48584,1
25023,0
13545,1
8203,0
28363,0
10233,0
3840,0
41381,0
27292,0
3506,1
16820,0
20599,1
40882,0
6539,1
18986,0
10310,1
30203,1
19220,0
43581,0
1895,0
25563,1
29392,0
30453,0
49763,1
26630,1
28835,1
48772,1
37757,1
25596,0
44543,0
34607,1
27723,0
39479,0
30326,0
44140,0
6469,1
25151,0
40623,1
30329,0
8670,1
40801,0
25065,0
26515,0
42150,1
44080,0
48858,0
3282,0
44268,1
41474,1
40377,0
4344,0
45413,1
20350,0
30202,1
10352,1
35709,0
5973,0
26112,0
42597,0
41991,0
37375,0
28224,0
34824,1
44062,1
22396,1
20493,1
15159,0
28516,0
27858,1
32768,1
35313,1
37888,1
7130,1
27302,1
1923,1
42540,0
47968,0
12432,0
48610,1
3818,0
14588,1
42815,1
40852,1
29468,0
34284,0
4399,1
702,0
8262,1
26675,1
1847,0
16864,1
2132,1
35652,0
29631,1
1701,0
1352,0
23280,0
47802,0
18715,1
16627,0
27172,0
29197,0
49231,1
19236,0
13672,1
29910,1
48519,0
15994,1
12607,0
44086,1
8682,0
12128,1
8963,0
30394,0
31454,0
21938,1
26907,1
25992,0
22096,0
39844,1
5467,1
43676,1
41470,0
4941,1
27571,0
44076,0
36921,1
5214,1
47322,1
40429,1
14112,0
2982,1
32763,0
4906,1
29794,1
6434,0
32111,1
45617,1
31446,0
18519,1
25806,0
5335,0
22672,1
31147,1
27981,0
22255,1
19737,1
44044,0
48848,0
40265,0
28957,0
45827,1
24377,1
23851,1
49852,1
21212,1
563,0
1161,1
31047,0
43896,0
4536,0
17524,1
19591,1
15500,0
14441,1
32929,1
2930,1
3644,1
25194,1
40694,1
44473,1
25370,0
37844,0
418,0
11875,0
48312,1
39756,0
23236,1
29982,0
46604,1
19240,1
3155,0
22603,0
27535,1
19987,1
46549,1
8771,1
4527,1
29,0
24027,0
26923,1
24272,0
10116,0
43500,1
25154,1
37868,1
13695,1
2597,1
39439,0
40022,0
17036,1
14371,1
1254,0
1637,0
26157,0
36007,1
20963,1
35444,0
46798,1
49900,1
23215,0
9041,0
46493,1
37133,0
15953,1
40756,1
27867,0
49499,0
6114,1
35700,0
20091,1
29989,1
21188,0
35656,1
12464,0
12415,0
43508,1
10840,0
2766,0
7490,1
21562,1
48473,0
355,0
42300,0
46463,1
46132,0
19383,0
43116,1
25069,1
26080,0
18264,0
20143,0
36740,0
30717,0
9829,1
34505,0
48509,1
16884,1
34776,0
29776,1
40444,0
13123,0
9112,0
10696,1
2238,1
31183,1
10195,0
33838,0
29759,1
11919,0
29041,0
8205,0
14168,0
30879,1
17824,0
9360,0
49015,0
5126,1
11106,1
35760,0
38974,1
37538,1
36362,0
7899,1
28513,0
14933,0
35432,1
32464,0
37166,1
2484,1
17198,1
28755,1
40668,1
9892,1
27489,0
30564,0
26355,0
24536,1
21988,0
22826,0
18753,0
12653,0
2106,1
18328,1
41262,0
3514,1
27464,0
33850,1
33699,0
6215,0
29826,1
47282,0
5938,0
32452,0
48534,0
32003,0
21037,0
25716,1
36736,0
25067,1
49685,1
3711,0
43037,1
46563,1
48894,0
15436,1
36193,1
32002,0
24127,0
9394,1
31691,0
14657,1
14533,0
5807,0
21554,0
19937,1
14423,1
27450,0
31595,0
3103,0
18485,1
24797,1
5268,1
45017,1
44898,0
45251,0
46407,1
29540,1
9870,0
49301,1
31950,1
36352,0
46092,1
18383,1
35805,0
18473,1
44964,1
13481,1
27884,0
24094,0
22028,1
47325,1
15359,0
33780,0
8234,0
43662,1
1758,1
19894,0
16160,0
44778,0
35009,0
43963,0
22987,0
27761,1
17105,0
20633,1
35220,0
40113,0
35255,1
11989,1
20519,0
14535,1
37238,0
17734,0
21353,0
37038,0
44058,1
47647,0
4395,0
20265,1
18068,1
40463,0
21335,1
45107,0
1989,0
48103,0
16687,1
41617,1
22963,1
8908,0
7455,0
37439,1
35362,0
19262,1
14315,0
20112,1
2971,1
13119,1
2310,1
2075,0
17251,0
41313,0
44728,1
36373,0
27346,1
3191,1
23127,1
36748,0
1507,0
21089,1
279,1
22156,0
19956,1
13001,1
36538,1
14974,0
27088,0
49613,1
32926,1
32899,1
33177,1
19217,1
18356,1
19303,1
1278,0
12996,0
25661,0
15167,0
6206,1
36560,0
9611,0
28818,1
10988,0
48525,1
36156,0
11800,1
41479,1
31717,1
43693,1
26901,0
10054,1
19436,1
48801,1
39738,1
43211,0
36899,1
31396,1
42948,1
41338,1
28671,0
19713,0
24328,1
35765,0
31292,0
13705,1
44731,1
49346,0
29647,0
29365,1
11401,1
8389,1
11851,1
31291,1
8631,0
3902,1
14910,1
21626,0
39942,0
19323,0
41073,1
39437,1
38290,1
17249,1
32642,0
18570,0
31814,1
44789,0
18609,1
31577,1
47864,0
26229,0
34598,0
2038,0
7100,1
21986,1
433,1
37426,1
2352,1
18938,0
31207,0
4525,0
24323,1
1872,0
40918,0
46120,0
17404,1
12644,0
26146,1
31730,0
18724,1
31672,0
26495,0
8910,0
27344,0
36437,1
30949,0
11915,0
34425,1
47894,1
9866,1
23077,1
13443,0
42896,1
2493,1
43939,0
33004,0
44586,0
13480,0
257,0
17604,0
20697,1
28782,0
22213,0
9213,1
16858,1
4754,1
38259,1
12684,1
20232,0
20011,1
1665,0
33665,0
27902,0
10750,1
45021,1
10276,0
49623,1
20531,0
6262,0
49360,0
33543,1
37969,1
16128,0
6088,0
16094,1
27164,0
37851,0
1656,1
17699,1
12251,0
8405,0
32299,1
26613,1
34667,1
19650,0
29548,1
43269,1
14222,0
48408,0
32463,1
12192,1
39003,0
8768,0
36781,0
36811,1
40081,0
29792,1
22123,0
456,0
16183,0
12075,1
20644,0
31832,0
34373,0
43424,0
41633,0
40796,1
24114,0
47083,0
17351,1
23780,1
43218,0
44200,1
3441,1
20590,1
22827,1
5940,1
29690,1
1051,0
28192,0
2180,0
881,0
17129,0
3979,0
21396,1
48574,1
44388,0
10439,0
8675,1
33372,0
8008,0
8626,1
1596,0
27539,1
22707,0
6902,0
47787,0
4758,1
8191,1
36701,1
8325,1
23596,0
31131,0
42321,1
39560,0
13032,0
35690,1
20997,1
41657,1
45703,0
45335,1
38131,0
6874,0
6543,1
8256,0
49248,1
42785,1
16075,0
47972,0
29803,0
1307,1
16076,0
4899,1
46075,1
17246,1
41005,1
26472,0
44603,1
44239,1
36759,1
17707,1
46401,0
44698,0
2572,0
12864,1
8258,1
8042,1
44061,0
2951,0
12636,1
49995,1
22223,0
31192,1
26089,0
39379,0
12169,1
49628,1
31385,1
41989,0
25054,1
17093,1
23107,1
21326,1
3847,0
2820,0
36830,0
42492,0
49464,1
37833,0
12778,0
9992,0
17427,1
10651,1
4781,0
31281,1
17422,1
1054,0
4213,1
22522,0
10281,0
33973,0
29087,1
11913,0
38151,0
47075,0
28996,0
47170,0
11288,0
28726,1
38818,0
33137,1
26360,1
37169,0
6995,1
6503,1
6311,1
12760,0
23812,1
1073,1
10059,1
36761,1
33703,1
35035,1
39019,1
34482,1
18675,0
18402,0
19249,0
134,0
46562,1
4271,0
17737,0
4031,0
21187,1
12560,1
38176,1
3726,0
10534,1
18834,1
13393,0
30469,1
46435,0
2225,1
40588,0
3166,1
31100,0
47637,1
19660,1
6117,0
40632,0
33323,0
49918,0
17132,1
33635,0
2017,0
42598,0
32894,0
30537,1
12302,0
26721,1
29742,1
36618,1
23646,0
28832,0
6760,0
19164,0
33855,1
34567,0
15002,1
26395,0
47161,0
5272,0
38329,0
2892,1
27455,0
15128,0
45775,1
45337,1
27838,1
45687,0
4178,0
16401,1
11125,1
21052,1
4858,1
36928,1
675,0
3950,0
38597,0
18002,1
49689,1
5234,0
16009,0
24342,0
788,0
7951,1
9401,1
42407,0
21404,0
11205,0
33643,1
22279,0
20118,1
19334,0
8128,0
41164,1
11144,0
45501,0
4784,0
463,0
4351,1
33796,0
13869,0
9029,1
12594,0
13498,0
26962,0
29262,0
25564,1
26508,1
40199,0
8738,1
7278,0
46720,1
34731,0
29119,1
43709,0
14063,1
3897,1
11641,1
19679,0
15779,0
11994,1
18104,1
21796,1
13837,1
29356,1
13134,0
34021,1
21537,0
36175,1
16149,0
28551,0
3654,0
39016,1
24576,0
20936,1
49497,1
5496,1
27873,1
15323,0
31591,0
19492,0
23475,1
26601,1
11143,1
10875,0
27587,1
46706,0
42106,1
49212,0
9703,1
1095,0
13175,0
46499,0
16990,0
2403,0
18255,0
20067,0
27041,1
16240,1
14604,1
27147,0
14263,0
47739,0
25465,0
4470,1
49245,0
5057,0
25921,0
4778,0
29767,1
43014,1
9391,1
43130,1
34089,0
339,0
20228,0
29480,1
37931,1
21791,1
26414,0
11001,1
49996,0
28091,0
44900,1
37630,1
46736,1
14183,0
49021,0
2027,0
31407,0
19532,0
20948,1
42973,1
20072,1
38860,1
34669,0
20771,0
2362,0
31579,1
43678,1
41482,1
30597,1
3531,0
8380,1
13587,1
49866,0
880,0
7986,1
18512,0
16010,0
43089,1
19479,1
40980,0
27351,1
21232,0
11542,0
41703,1
28066,1
7612,1
32324,0
26195,0
45294,0
11062,1
26291,1
26149,1
10157,1
1990,0
9178,0
39350,0
16833,1
20251,1
26512,0
24916,0
49137,1
41892,0
6692,1
16593,0
47055,0
39652,1
28195,1
4983,0
12851,0
11483,1
27892,0
26726,0
24353,0
28455,0
11848,1
28756,1
1878,1
38361,0
29562,1
13166,0
11071,1
17361,0
21527,0
9234,1
6683,0
27816,0
25086,1
26294,1
35438,0
7561,0
8590,1
22752,1
16462,0
8180,0
4148,0
412,1
8049,0
19377,0
4613,0
10879,1
2217,0
23519,0
21556,1
25346,0
20316,1
43511,0
49584,1
24566,0
35227,0
19496,0
5230,1
30983,0
21847,0
11207,1
13212,1
47431,0
8148,0
19358,1
8676,0
26955,1
1798,1
2833,0
20087,0
7260,0
47343,1
47830,0
9143,1
8781,1
10243,1
4888,0
20306,1
38542,1
5160,0
46063,0
44967,0
34814,0
49102,0
234,1
1566,0
44992,0
22541,1
43494,0
17025,0
26769,1
5495,0
23832,1
45258,0
39296,1
44833,0
31808,1
7388,1
44278,1
15032,0
39767,1
4150,1
1850,0
32202,1
47049,0
28952,1
26844,1
2633,1
48553,0
26695,1
37467,1
21588,1
38480,0
23935,0
33143,0
1377,0
27441,1
33075,1
13813,1
4533,0
25413,1
31806,0
43975,0
33670,1
22799,0
30178,0
12530,0
9349,1
18341,1
8303,0
8287,0
29312,1
23171,0
9790,0
46396,1
2832,0
21726,1
17675,1
10510,0
32366,0
12437,1
6870,0
9419,0
33693,0
35001,1
44689,1
990,0
9618,1
29014,0
32621,1
5623,0
24212,1
15305,1
30418,1
28668,0
47005,0
31053,1
23007,0
10148,0
18992,1
7607,1
37051,1
5922,1
42207,0
37317,0
21256,1
29780,1
4385,1
24394,1
46453,0
40617,1
4438,0
20895,0
48217,1
21190,0
36002,1
47561,1
47680,0
47521,1
7399,1
23843,1
18111,0
16709,1
390,1
23648,0
49426,1
8359,0
24577,1
24075,0
44233,0
31642,0
2262,0
6408,1
41218,1
31737,1
25496,1
24526,0
13778,1
17614,1
43869,0
3709,0
46419,0
5884,1
5928,1
41829,1
18702,0
7493,0
26609,0
1205,1
24549,1
514,0
33002,0
19762,1
26248,0
38367,1
31168,0
7434,0
28630,1
21026,1
30362,0
12873,0
16692,0
13218,0
48290,1
22328,0
28610,0
33923,0
25257,1
36461,1
45745,1
8505,0
2417,1
48022,1
30954,1
29225,1
47308,0
42893,0
21289,1
44806,1
24049,0
41998,1
12401,1
39969,0
2047,0
13349,1
30588,1
7997,1
17207,1
31647,1
40011,1
48218,1
25,0
4969,1
853,1
41421,0
27916,0
28948,0
36128,0
14793,0
25121,1
26329,0
3472,0
119,1
93,1
7569,0
7939,0
36039,1
31162,1
26041,0
17720,0
44700,0
47560,0
5427,1
17267,1
22132,0
22910,0
41916,0
41834,0
43519,1
36256,1
49710,0
25885,1
31240,0
6080,1
18150,0
16041,0
20449,0
9024,0
249,0
41192,0
40669,1
9666,1
18913,1
36602,1
9953,0
11338,0
34273,0
46526,1
5233,1
19982,0
34286,1
2736,1
7075,1
34117,1
17921,1
13442,1
13718,0
45824,1
9374,1
25517,1
23207,1
47754,0
32663,0
11963,1
42143,1
17579,1
48258,0
45937,0
26211,0
33098,1
38346,0
44708,0
45484,1
14790,0
22854,1
30903,1
37991,1
38673,1
10832,0
17990,0
30406,0
18451,0
27859,0
19574,0
6134,0
29029,0
7372,1
4451,0
36737,0
29975,0
27730,1
6967,1
8516,1
20880,1
11499,0
10805,1
40239,1
43295,1
6745,1
1581,0
23562,1
7132,0
43045,0
4113,1
8825,0
10463,1
37060,1
47422,1
5592,1
17286,1
16597,1
39204,0
4494,1
6779,1
39119,0
5808,1
32013,0
40243,1
37592,1
42003,1
32275,1
18977,1
26821,1
9240,1
41905,1
37420,1
35233,1
2144,1
18097,1
26839,1
27086,0
19391,1
29849,0
4297,0
41270,1
20786,1
35088,1
46262,0
1355,1
6238,1
5106,0
32934,1
46868,1
42602,0
39087,0
47233,0
40204,1
15827,0
44864,0
20401,0
24893,1
41232,1
27990,1
46347,0
15898,1
20344,1
48817,0
49335,1
32385,1
26463,0
47611,0
28237,0
1959,1
45657,1
4044,0
22304,1
21303,1
36104,0
18471,0
39632,1
26420,1
33972,0
22758,1
30806,1
45981,0
27259,1
13607,0
45505,0
8655,1
14670,0
14631,0
45641,0
45900,0
14785,0
40376,0
19316,0
35752,0
35711,0
26885,0
36081,0
23464,0
4826,1
15025,0
37550,1
32518,0
8043,1
6970,0
49136,0
41333,0
30587,1
42570,1
35475,0
14409,0
28047,1
8204,1
21564,0
33610,0
35654,1
2545,1
44424,1
19096,0
1343,1
14795,1
1012,0
38482,1
21248,0
27695,1
27724,0
19564,0
30153,0
25816,1
14136,1
12319,0
21473,0
40318,0
32121,1
41070,1
29348,1
35519,1
47386,1
8349,0
45059,0
32773,0
12649,0
6411,0
46028,0
10889,1
10522,1
13272,0
14347,0
11722,0
41504,0
22604,1
21369,1
13433,0
32923,1
17649,1
26056,0
6092,0
44493,0
45171,1
1918,0
6881,0
41686,1
46490,0
13618,0
34867,1
2770,0
31734,1
4390,0
27360,0
5885,1
48739,1
15346,1
45116,1
4537,0
29560,1
7055,0
24153,1
9536,1
34710,0
41730,1
13266,0
27170,0
35716,1
27753,1
44984,0
43737,0
38331,0
22435,0
36966,1
26345,0
8562,1
3485,1
38645,1
42372,1
1387,0
14770,1
1326,1
16481,1
8999,1
33503,0
49959,0
19369,0
6320,1
28650,1
14071,1
44354,1
24975,1
25826,0
10085,1
20871,1
9822,1
12823,0
2210,0
43742,0
43106,0
45280,1
29351,0
17617,0
25794,1
5455,1
6664,1
2321,1
49032,0
28791,0
39263,0
34538,1
27368,0
10943,0
23027,0
13380,0
39321,0
20469,0
20002,1
41891,1
39009,1
28275,1
28683,0
5269,0
7025,1
33377,1
44123,1
35736,1
12803,1
9667,1
17033,0
35134,0
33912,1
44707,1
43034,1
28758,0
8534,1
14586,1
36328,1
11349,1
7978,0
31493,1
41972,1
14557,0
12555,1
32438,1
32461,0
9011,1
6728,0
45083,1
35544,0
43831,0
29851,0
14457,1
23585,0
49958,0
7626,0
39710,0
6935,0
5773,1
49838,1
39531,1
12629,1
37762,1
22860,1
3523,1
7973,0
34902,0
20175,1
37513,0
25804,1
24834,0
23354,0
35800,0
33909,1
28574,0
40842,0
49139,0
48161,0
8589,1
3918,0
45930,0
46506,0
45986,1
43409,0
27135,0
20201,0
17242,0
15935,0
4416,0
22757,0
14898,0
7516,0
39916,1
18617,1
26668,1
38360,0
23681,1
24097,1
15519,1
14545,0
5473,1
10649,0
33609,1
37059,0
21108,1
5821,0
6191,1
13781,0
32780,1
22211,1
45486,0
33217,0
46987,1
32943,0
27407,1
21553,1
11991,0
15451,0
14558,1
42566,0
26021,1
26440,0
37473,1
29595,0
40144,0
27402,0
22062,0
30380,1
13445,0
36236,1
48460,0
8109,1
16854,0
3533,1
49829,0
37328,1
41742,1
38347,1
15722,0
49739,0
24012,1
36682,1
30813,0
3205,1
10335,0
39275,0
4249,0
27382,0
23224,0
19433,0
4231,0
48281,0
41990,0
43504,0
35299,0
44794,1
20498,0
14161,0
45074,1
20508,0
11657,1
9114,1
20502,0
22073,1
37129,0
5458,0
9968,0
205,1
46934,0
14104,0
3263,0
29222,0
13565,1
22896,1
3677,1
35025,1
49263,1
27318,0
21169,1
42182,0
37239,1
14455,1
33453,0
5540,1
9289,0
9889,1
3973,1
38971,0
36287,1
47180,0
23523,0
16725,1
2018,1
6083,1
589,0
31254,0
11407,0
12012,0
13509,1
40540,0
28882,1
27174,1
25031,1
42966,1
16668,0
41020,1
2276,1
5020,1
44039,0
15078,1
48206,0
16146,1
36745,0
9827,0
45424,0
49821,0
37009,1
428,0
23176,0
11698,0
11271,1
22203,1
44703,1
28811,1
40455,1
26661,0
13978,0
46605,0
1800,1
38234,0
25178,1
33843,1
4177,1
26579,1
30957,0
4236,1
22356,0
23768,0
107,0
1088,0
2632,0
22438,1
48893,1
12672,0
19752,0
1273,1
31173,0
41129,1
25618,0
19906,0
19783,1
5058,1
34656,1
29992,1
6797,1
9028,0
20718,1
25862,1
46666,0
3014,0
16202,0
27059,1
24214,0
22901,0
39727,1
8912,0
46587,0
28074,0
8567,1
16024,1
29379,0
9588,1
21528,1
34926,1
48307,1
4191,1
47468,1
9443,1
40577,1
23625,1
24348,0
46813,0
27714,1
32468,1
38989,0
18934,0
47317,0
3967,1
34664,0
48279,1
1853,0
7047,1
7267,0
4623,0
40643,1
2171,0
25443,0
32814,1
29443,1
5221,1
724,1
25204,0
43186,0
21323,1
28932,0
2613,0
44191,0
10164,1
24363,1
49455,1
45422,0
26572,1
28106,0
27978,1
25683,0
41212,0
29605,0
41640,0
42045,0
10866,1
13414,0
37389,1
24384,1
24480,1
24198,1
3448,1
13000,0
6161,1
37155,0
750,1
44236,0
22803,1
6207,0
33110,0
5593,1
8969,1
32380,1
23486,0
6834,0
42998,1
14119,1
5199,1
11224,0
20042,0
16302,0
38910,1
22422,0
26039,0
30885,0
5265,0
10079,1
16355,1
37212,0
27585,0
49428,0
23831,1
23394,1
3528,0
33683,0
8727,1
5989,1
36429,0
10467,1
41563,0
3101,1
28460,1
47087,1
6122,0
37460,0
15620,0
44536,1
21453,1
42191,1
16567,0
5576,1
14141,0
26394,1
42317,1
13900,0
36240,0
8903,0
26354,0
37355,0
5664,1
47077,0
49246,0
3338,0
33896,1
20103,1
46036,1
46376,1
32645,0
6032,1
47985,0
3197,0
35581,0
45438,1
45142,0
38422,1
5426,0
18670,0
27742,1
4105,1
29626,1
35928,0
5061,0
22945,0
38667,1
38774,1
26664,0
25686,0
9268,1
49386,1
28810,0
42008,1
31471,1
4253,0
39487,0
8265,1
34311,1
34129,1
41304,0
42972,0
33249,1
1403,1
38420,0
37783,0
27074,1
47838,0
1093,0
2730,1
5408,0
48147,0
10458,1
25710,1
2635,1
15599,1
14357,1
1775,1
14957,1
15276,1
36743,1
22653,1
5469,1
8074,1
43940,0
43932,0
49998,0
39046,0
47015,0
91,0
49978,0
34061,1
19559,0
14021,0
32613,1
6614,1
43263,1
38325,1
20128,1
28172,0
25388,0
15140,0
45428,1
34790,1
8284,0
6892,0
19994,1
29830,1
14128,0
18504,1
27411,0
31046,0
21919,0
38792,0
34568,0
39696,0
45316,1
21860,1
11359,0
23628,0
35917,0
1300,1
3667,1
33894,0
12529,0
33825,0
33964,0
21422,0
28426,1
19825,1
40608,1
14408,0
25702,1
45943,0
43154,1
45871,0
28456,0
36182,0
19571,0
2425,0
33384,1
24220,0
34301,1
33584,1
39795,1
38964,0
32855,0
23038,1
43842,1
37127,0
996,0
40628,0
37172,0
8944,1
25137,1
43574,1
18987,0
5908,1
41592,0
14992,0
13469,1
38488,0
44704,1
35445,0
30162,1
35007,1
39508,1
9166,0
39089,1
41011,0
21451,0
23880,0
28144,1
16476,0
4106,1
22994,0
44451,1
45697,1
30479,1
431,0
6529,1
31149,1
48793,1
34719,0
29952,1
38805,1
18139,1
26391,0
47664,1
49030,1
46350,0
35772,0
28876,1
44132,0
47060,0
18030,0
46799,0
31360,0
12229,0
35160,0
45472,0
42792,1
37628,0
48119,1
28879,1
9448,1
8138,1
45277,0
5140,0
5155,0
28855,0
10749,0
43668,0
29295,1
42769,0
22074,1
17092,1
25995,1
7995,0
35511,1
48414,1
28717,0
18403,0
1098,1
9837,0
38484,1
17188,0
35335,0
46530,0
24783,1
11696,0
1713,0
9698,1
43606,0
48388,1
28954,1
6801,1
43057,1
4905,0
17482,1
27309,1
13546,0
26130,1
20373,1
13282,1
22480,0
30343,0
25103,0
3511,0
33335,1
20904,0
27769,1
41508,1
36867,0
31927,0
18367,1
27646,0
16602,0
1052,1
33583,0
25143,0
47495,1
35375,0
48230,1
17850,0
6188,0
25753,0
33197,1
30256,1
7823,0
30277,0
5687,1
46200,1
27880,1
42621,0
43150,1
7127,1
26532,0
27887,1
20814,0
43317,0
25109,1
22471,0
29181,0
7442,1
21090,1
20678,0
37867,0
9981,1
19614,0
47074,1
8828,1
41322,0
7064,1
22847,0
44574,0
2932,0
28656,0
30758,0
25494,0
24007,1
4184,0
3971,0
47569,0
23643,0
18744,1
30347,0
24843,0
6304,0
23349,1
41498,0
33671,0
14837,0
19763,0
13184,1
27362,0
19666,1
49224,0
41842,0
19677,1
24642,0
6301,0
6827,1
5625,0
43476,0
29209,1
22772,0
20580,0
4204,0
49622,1
36575,1
49724,0
39725,0
4285,0
47034,1
36058,0
3652,1
32109,1
30478,0
28720,0
8974,1
6922,1
27352,0
15615,1
11555,0
21103,1
19324,0
4896,0
1414,0
16073,1
44421,0
17985,0
16304,1
26599,1
14204,1
20811,0
25302,0
46465,1
32609,0
36572,0
27924,1
708,0
31322,1
49114,0
1060,0
32889,0
23972,0
23987,1
3211,1
42800,1
12729,0
16028,0
39839,0
43433,1
26004,0
31743,1
18979,1
28100,0
11562,0
20888,0
11493,1
14413,0
3228,0
26621,0
42036,1
17539,0
24340,1
29438,0
46907,1
22291,0
3658,0
3526,0
24181,0
26111,1
36838,0
5063,1
8965,1
49211,1
23174,0
33186,0
358,0
5132,1
1809,1
42443,0
5964,0
33058,0
27896,0
38751,0
37814,0
15402,1
31902,1
43058,0
71,0
10894,1
29775,1
38304,0
8616,0
3069,0
38784,1
21350,0
2423,1
29334,1
38498,0
23473,0
44163,0
37145,0
48242,0
31748,1
1045,1
21436,0
22473,1
18280,0
49367,0
9460,0
39650,1
28267,1
28030,1
10066,0
17788,1
46676,1
35491,0
37680,0
9297,1
35465,0
46617,1
13005,1
15568,1
4221,0
39627,0
26000,1
45784,1
25915,0
37597,0
20984,0
3278,0
9277,0
25186,1
28664,0
30773,1
11982,1
1155,0
1114,0
42836,0
6674,1
33046,1
4848,1
29190,1
12195,1
39733,0
41490,0
23650,0
20574,1
46748,1
41319,0
29428,1
6183,1
15513,1
46885,0
26550,0
43135,0
32053,0
12381,1
29684,0
23742,1
11237,1
7502,0
6128,1
20406,0
22999,0
36309,0
33045,0
24241,0
29523,0
21401,1
46035,0
31032,1
16393,1
48017,0
14543,1
4192,0
22697,1
9155,0
12282,1
438,1
17934,1
23800,1
32214,1
4794,0
46715,1
13103,0
47983,1
4727,0
49265,0
6079,1
46974,0
2033,1
36676,0
3349,0
38573,0
34046,0
38115,0
3598,1
45033,1
47829,1
43516,1
45969,0
21131,1
49315,1
35827,1
18017,1
38428,1
27983,1
19514,0
47919,1
5375,1
27085,1
26656,1
42531,0
1544,1
44323,0
26122,1
30411,0
42804,1
384,0
41512,0
36067,0
33726,1
4942,1
25085,1
47499,1
34794,1
20998,0
12163,0
983,1
39114,1
36133,1
14765,1
31904,1
2612,1
8701,1
4644,1
44998,1
38610,0
47280,1
40770,0
15212,1
45272,1
48123,0
2122,0
19273,1
25233,1
6153,1
27093,0
26147,0
11441,1
40594,1
32896,0
24511,1
3377,0
47910,0
284,0
48319,1
12433,1
12905,1
47923,1
16732,1
26151,1
34078,1
3226,0
36091,0
9856,1
322,0
48606,0
8563,1
43069,1
18114,1
48939,1
42835,0
41135,1
3413,0
14042,0
20964,1
47646,0
7167,0
18921,1
35647,1
25146,1
2640,0
17252,1
9295,0
11240,0
26764,1
3117,1
22906,1
4517,0
34911,1
33029,1
28085,0
23332,0
2012,1
8036,0
6640,1
39331,1
22030,0
21067,0
26659,1
3609,1
206,0
13772,1
7505,0
10161,0
5124,1
27678,1
47467,0
39387,1
40328,1
20302,1
12151,0
20648,1
49968,1
30938,1
47548,0
34180,0
38231,0
25983,1
28391,0
6148,1
36041,0
23690,1
43697,1
39507,0
39261,1
48687,1
37754,0
20900,0
49193,1
31420,0
30025,0
1238,0
47799,1
15405,1
47665,0
22696,0
48637,0
24709,1
26581,0
28272,0
46079,1
39391,1
10189,0
29613,0
22247,0
25326,0
18687,1
15263,0
47635,0
26652,0
27967,0
2436,1
5740,0
32585,0
22935,0
42830,1
29411,0
37459,1
14219,0
8382,0
33969,0
48020,1
23048,0
6200,0
20379,1
18344,0
22086,0
16463,0
49702,1
4572,0
47014,1
40319,0
36040,0
28969,1
49646,0
29267,0
2196,1
33821,0
25832,0
41806,1
23974,1
43176,0
48073,1
42638,1
7195,1
43951,1
23313,1
29069,0
1484,0
9465,1
29935,0
1053,1
34791,1
13250,0
13684,0
17506,1
19608,0
47137,1
467,1
23424,1
1410,0
12835,0
10202,1
17618,1
20162,1
8704,1
24300,0
27726,1
43608,0
6004,1
15051,0
36896,0
25745,0
16036,0
34617,1
34015,0
47708,1
49635,0
29783,1
17337,0
40642,1
46875,0
14035,1
35848,1
7880,1
36558,1
40590,0
4473,1
28994,0
39806,1
48243,0
35858,0
42415,0
3436,1
24411,0
43070,0
24277,1
17637,1
8122,0
37982,0
14297,1
36712,1
38224,1
12881,1
15764,1
17057,1
46603,0
18049,1
4455,1
7949,0
15810,1
29249,0
1215,1
34044,0
36,0
40344,1
17358,1
49444,1
11400,0
41823,0
45630,1
30197,1
8902,0
33314,1
26170,0
5027,0
24579,1
10102,1
1982,0
38438,1
2338,1
25318,0
49894,1
30093,0
42776,0
46147,0
40222,1
17415,1
13948,0
34399,0
11886,1
24598,0
34871,1
4576,0
28604,0
9509,0
44117,0
11944,0
44051,0
22105,0
13970,0
38124,1
48987,0
25622,1
47026,1
30713,1
27965,0
34134,0
11811,1
43429,1
4116,1
25409,1
44101,0
39882,1
12596,1
16217,0
30968,0
26822,0
1358,0
29854,0
3697,0
8195,1
35192,0
48576,0
15969,1
16067,1
10271,1
48432,1
18467,1
38656,0
32774,0
39775,1
9301,0
37049,0
31510,0
43277,0
37392,0
20153,0
28795,0
23456,0
13809,1
25694,1
16923,1
45064,1
1431,0
39212,0
35726,0
41934,0
37143,0
16054,1
276,0
14782,0
49777,0
19460,0
43499,0
26048,0
47255,1
42039,0
36422,0
22185,0
45288,0
37063,1
28731,0
28554,0
46569,1
43255,1
20712,1
7950,0
3288,1
35494,0
20854,0
45273,0
19535,0
28622,1
9427,1
18576,1
5008,0
22858,1
15861,0
19197,1
5379,1
13592,1
41517,0
49744,0
14293,1
33001,0
10162,1
34995,0
30439,1
12652,0
2208,1
13081,0
46548,0
5325,1
12113,0
38813,1
42214,0
36567,0
44146,0
3102,0
39694,0
37602,0
19385,1
47443,0
3717,0
37348,1
12185,0
44660,1
20307,1
1698,1
35495,0
26518,0
37152,0
47187,0
42055,1
16604,1
28027,0
49736,0
26607,1
30895,0
27231,1
679,0
5887,0
49013,0
11619,1
48779,0
39120,0
44484,1
29702,1
33126,1
16812,1
43819,0
26357,0
25963,1
183,0
29084,0
11285,0
49043,0
8813,1
43694,1
31445,0
19941,1
35616,0
31378,0
14693,0
20956,0
29973,1
6928,1
13908,0
22475,1
47898,0
1788,0
47219,1
24555,1
46172,0
36102,0
48274,1
41300,1
5054,0
18788,0
755,0
29120,0
15201,0
27912,1
24454,0
19777,0
25218,1
2806,1
41618,0
30945,1
34229,1
22348,1
1617,0
8480,1
21876,1
26785,0
34642,0
19083,1
8145,0
5425,0
26377,1
38133,1
34879,1
41060,1
16824,0
7445,0
39109,0
9042,1
37805,1
38578,0
1813,0
41765,1
26494,0
29251,0
45038,0
29669,1
10242,0
20521,1
42480,0
30635,0
40077,1
24317,0
35997,1
13932,0
46735,1
24871,0
37423,0
1442,0
9901,1
28090,1
8713,0
37289,1
34838,0
49180,0
37774,1
38561,0
9707,1
16337,0
1746,1
6662,1
47435,0
15970,0
26310,1
9840,0
46399,0
12296,0
46738,0
35376,0
40479,1
49149,1
40163,0
23802,1
4008,1
16203,0
10041,1
23455,1
7923,1
41207,0
73,1
13385,0
44618,0
6040,1
29116,1
3816,1
41782,1
45777,0
26336,0
47489,1
14287,0
24425,1
5545,1
22388,1
12702,0
28861,1
45960,1
6154,0
31746,0
41552,0
32016,0
48262,0
47547,0
32723,0
16269,1
42218,0
7326,0
43763,1
47823,1
48625,1
36264,1
40713,0
26016,0
27189,0
29916,1
11300,0
40456,1
48738,1
25841,0
44862,1
15468,0
14613,1
27553,1
995,1
28378,1
1880,0
46588,1
5768,0
12668,0
36019,0
49288,0
38073,0
11523,1
40551,0
41817,1
7098,0
34827,0
37730,0
13003,0
7734,1
13913,0
28288,1
39745,0
130,1
40481,0
24258,1
2764,1
43846,0
43304,0
10776,1
4615,1
27582,1
38540,1
10383,1
3196,1
42908,0
14723,0
45524,1
45085,1
6741,1
7424,1
5130,0
40025,0
36513,1
694,1
39598,1
18369,1
11877,0
2354,1
47442,1
6758,1
9879,1
17603,1
48354,1
13388,0
5376,1
32543,0
29639,1
39101,0
38832,0
41778,1
36692,1
47449,1
8410,0
26921,0
45111,1
48861,0
1464,1
19953,0
30073,0
41077,0
18572,1
29043,1
38583,1
20748,1
47832,1
23489,1
37174,1
8136,0
12682,0
26841,0
26838,0
32269,0
46062,1
26815,0
3247,0
32354,1
17606,0
28183,0
16663,0
24106,1
804,1
21511,0
2009,0
45854,1
42349,1
37857,1
28209,0
35448,1
46440,0
44470,0
6046,0
41614,1
8812,0
30793,1
49177,1
11335,1
49100,0
48244,0
47414,1
42797,1
10625,1
28388,0
41272,0
20794,1
47396,0
19346,0
33719,1
29462,0
2479,1
19992,1
44017,0
26319,1
16661,0
15192,1
34732,0
4867,0
16763,0
24718,1
29892,1
37116,1
26891,0
44221,1
33642,0
14565,0
25846,1
31733,1
26790,1
1736,1
1779,1
20720,1
12574,1
26007,1
3200,1
47793,0
42332,0
39043,0
47492,1
48143,0
24763,0
22436,1
41611,1
42015,1
23409,0
27862,1
7376,1
21730,0
2363,0
37199,0
25313,0
10939,0
9951,0
145,1
23312,0
1142,0
3189,0
45547,1
19221,0
19936,0
31675,0
7914,1
31866,1
22816,1
17209,0
49171,0
43131,0
46345,0
48502,1
14272,0
10440,1
23457,0
13540,1
42595,0
36596,1
12340,1
49453,0
23694,1
8328,0
8124,1
35371,0
17493,0
6407,0
48294,0
17829,0
23995,1
17984,0
34392,1
48536,0
49403,1
20858,0
24741,1
281,0
47428,1
49746,1
36889,1
29466,0
38579,1
11612,1
3955,0
22070,0
38262,0
15718,1
5703,1
35135,1
35092,0
38190,0
10630,1
10121,0
46306,0
33039,1
47486,0
36443,1
1502,1
19171,1
19918,1
49045,1
29307,1
38333,0
1915,1
31876,0
25853,0
8555,0
22728,0
17452,1
46398,1
7585,1
8441,1
39377,1
20370,1
48405,1
28189,1
23294,1
43339,1
38655,1
38664,0
693,1
31794,0
23813,0
23284,0
46992,0
8381,1
17822,0
5494,0
15674,0
6421,0
34523,1
40521,1
29897,0
48006,1
37042,0
1119,0
20774,1
44380,1
6241,0
18042,0
45739,1
32614,1
40769,0
36396,1
32231,0
36910,0
6213,0
40539,0
1466,0
41897,1
21513,0
44404,0
36971,0
41307,1
47242,1
11081,0
9561,0
38356,1
2234,0
11044,0
35334,0
191,1
29177,1
14260,1
17652,1
39013,0
28000,1
13006,1
40153,0
46302,0
8291,0
18244,1
4114,0
3912,0
46460,1
33920,1
39062,0
24835,1
13124,0
20077,0
41239,1
16195,1
31297,0
29170,0
38518,1
19352,1
45620,0
1643,1
41331,1
12796,0
41055,1
17006,1
16419,0
918,0
38237,1
27090,0
44501,1
27722,0
33615,0
32901,0
40029,0
33391,1
6290,0
43357,0
44885,1
8461,1
49110,0
34762,1
46031,1
30911,1
41145,1
13966,0
3825,0
36718,1
5144,1
31509,0
45618,0
14445,0
39484,1
30686,0
15443,0
31871,0
39748,1
13392,1
16934,1
45043,1
39452,0
35586,1
39827,0
3663,1
14522,0
26052,1
10257,0
7261,1
39232,1
30167,1
46236,0
14958,0
28370,1
27626,1
14262,0
4089,1
36709,1
36505,1
4314,1
23243,1
33460,1
42367,0
35882,1
9201,1
15573,0
17312,1
22771,1
14494,1
39909,1
48398,0
24981,0
29189,1
30472,1
20220,0
47807,0
40039,0
32620,1
18136,0
270,1
49477,0
34474,0
17832,0
5434,0
22529,0
48769,1
11977,0
18842,1
5957,0
32589,0
12063,0
12927,0
